{"last_tab":"","tt_use_logo":"1","tt_logo":{"url":"","id":"","height":"","width":"","thumbnail":""},"tt_logo2":{"url":"","id":"","height":"","width":"","thumbnail":""},"tt_retina_logo_w":"50","tt_enable_preloader":"","tt_enable_hdr_search":"1","tt_post_sharing":"1","tt_post_author":"1","tt_header_layout":"header2","tt_hdr_addr1":"13005 Greenville Avenue","tt_hdr_addr2":"California, TX 70240","tt_hdr_ph_label":"Toll Free","tt_hdr_opentiming1":"Mon - Sat 9.00 - 19.00","tt_hdr_opentiming2":"Sunday Closed","tt_enable_hdr_button":"1","tt_hdr_btn_text":"Get a Quote","tt_hdr_btn_link":"#","tt_enable_topbar":"1","tt_top_nav_left_layout":{"enabled":{"placebo":"placebo","email":"Email","phone":"Phone"},"disabled":{"placebo":"placebo","teaser_text":"Text","social":"Social Icons","spacer":"Blank Space","spacer2":"Blank Space 2"}},"tt_top_nav_right_layout":{"enabled":{"placebo":"placebo","social":"Social Icons"},"disabled":{"placebo":"placebo","email":"Email","phone":"Phone","teaser_text":"Text","spacer":"Blank Space","spacer2":"Blank Space 2"}},"tt_ttext_text":"","tt_global_herobg":{"url":"http://ranbron.bolvo.com/wp-content/uploads/2018/03/defaulthero.jpg","id":"2605","height":"380","width":"1850","thumbnail":"http://ranbron.bolvo.com/wp-content/uploads/2018/03/defaulthero-150x150.jpg"},"tt_footer_sidebars":"5","tt_footer_left":"","tt_footer_left_text":"","tt_footer_right":"","tt_footer_right_text":"","tt_contact_number":"000-111-222","tt_contactform_email":"example@example.com","tt_connect_rss":"","tt_connect_twitter":"#","tt_connect_facebook":"#","tt_connect_youtube":"","tt_connect_flickr":"","tt_connect_linkedin":"","tt_connect_pinterest":"#","tt_connect_instagram":"#","tt_connect_googleplus":"","tt_open_social_newtab":"0","tt_cpt_with_front":"","tt_welcome_info":"","tt_cust_css2":"","tt_js_topbar_notice":"","tt_extreme_footer_notice":"","tt_inc_plugins":"","tt_theme_update":"","tt_theme_update3":"","tt_inc_cpt3":"","tt_inc_cpt":"","tt_inc_cpt1":"","redux_import_export":"","redux-backup":1}