{"search":{"2":{"title":""},"_multiwidget":1},"categories":{"2":{"title":"","count":0,"hierarchical":0,"dropdown":0},"_multiwidget":1},"temptt_widget_recentpost":{"2":{"title":"Recent Posts","posts_per_page":"3"},"_multiwidget":1},"tag_cloud":{"2":{"title":"","count":0,"taxonomy":"post_tag"},"_multiwidget":1},"text":{"2":{"title":"Ranbron Theme","text":"<div class=\"about-widget footer-widget\">\r\n\r\n<p class=\"phone-number\">(1800) 574 9687<\/p>\r\n<!-- \/.phone-number -->\r\n<p class=\"address\">542, 8 no. Street, New York,\r\nSome Country\r\n52453\r\nranbron@example.com<\/p>\r\n<!-- \/.address -->\r\n\r\n<\/div>","filter":true,"visual":true},"3":{"title":"Services","text":"<ul class=\"link-list\">\r\n\t\t\t\t\t\t<li><a href=\"#\">Financial Services<\/a><\/li>\r\n\t\t\t\t\t\t<li><a href=\"#\">Business Development<\/a><\/li>\r\n\t\t\t\t\t\t<li><a href=\"#\">Taxes & Effieciency<\/a><\/li>\r\n\t\t\t\t\t\t<li><a href=\"#\">Strategy Planning<\/a><\/li>\r\n\t\t\t\t\t\t<li><a href=\"#\">Customer Insight<\/a><\/li>\r\n\t\t\t\t\t<\/ul>","filter":true,"visual":true},"4":{"title":"Useful Links","text":"<ul class=\"link-list\"><li><a href=\"#\" data-mce-href=\"#\">Home<\/a><br data-mce-bogus=\"1\"><\/li><li><a href=\"#\" data-mce-href=\"#\">About Us<\/a><br data-mce-bogus=\"1\"><\/li><li><a href=\"#\" data-mce-href=\"#\">Request Call Back<\/a><br data-mce-bogus=\"1\"><\/li><li><a href=\"#\" data-mce-href=\"#\">Testimonials<\/a><br data-mce-bogus=\"1\"><\/li><li><a href=\"#\" data-mce-href=\"#\">Contact Us<\/a><br data-mce-bogus=\"1\"><\/li><\/ul>","filter":true,"visual":true},"_multiwidget":1},"custom_html":{"3":{"title":"Newsletter","content":"<!-- Begin MailChimp Signup Form -->\r\n<div id=\"mc_embed_signup\" class=\"subscribe-widget\">\r\n<form action=\"https:\/\/templatation.us11.list-manage.com\/subscribe\/post?u=4068f63e96051cde12a31ae2a&id=be080264ac\" method=\"post\" id=\"mc-embedded-subscribe-form\" name=\"mc-embedded-subscribe-form\" class=\"footerform validate\" target=\"_blank\" novalidate>\r\n    <div id=\"mc_embed_signup_scroll\">\r\n\t\r\n<div class=\"mc-field-group\">\r\n\t<label for=\"mce-EMAIL\">Get latest updates and offers. <\/label>\r\n\t<input type=\"email\" placeholder=\"Email Address\" value=\"\" name=\"EMAIL\" class=\"required email\" id=\"mce-EMAIL\">\r\n<\/div>\r\n\t<div id=\"mce-responses\" class=\"clear\">\r\n\t\t<div class=\"response\" id=\"mce-error-response\" style=\"display:none\"><\/div>\r\n\t\t<div class=\"response\" id=\"mce-success-response\" style=\"display:none\"><\/div>\r\n\t<\/div>    <!-- real people should not fill this in and expect good things - do not remove this or risk form bot signups-->\r\n    <div style=\"position: absolute; left: -5000px;\" aria-hidden=\"true\"><input type=\"text\" name=\"b_4068f63e96051cde12a31ae2a_be080264ac\" tabindex=\"-1\" value=\"\"><\/div>\r\n    <div class=\"clear\"><input type=\"submit\" value=\"Subscribe\" name=\"subscribe\" id=\"mc-embedded-subscribe\" class=\"button\"><\/div>\r\n    <\/div>\r\n<\/form>\r\n\t\r\n<div class=\"social\">\r\n<a href=\"#\" class=\"fa fa-facebook\"><\/a>\r\n<a href=\"#\" class=\"fa fa-linkedin\"><\/a>\r\n<a href=\"#\" class=\"fa fa-twitter\"><\/a>\r\n<a href=\"#\" class=\"fa fa-google-plus\"><\/a>\r\n<\/div>\r\n\t\r\n<\/div>\r\n\r\n<!--End mc_embed_signup-->"},"_multiwidget":1}}